Item	ChiSq.Statistic	df	pvalue
Wood by Ethnicity	89.3640610066925	9	2.18391141318143e-15
Electricity by Ethnicity	87.9925347213362	9	4.11240444723076e-15
GobarGas by Ethnicity	134.453219117878	9	1.43701883727795e-24
Kerosene by Ethnicity	47.4081519220944	9	3.29402307029671e-07
LPGas by Ethnicity	91.329340581223	9	8.80624323234289e-16
Others by Ethnicity	67.9322277589493	9	3.86742568240916e-11
